SNS集客戦略 詳細プラン,,,,,
,,,,,
X (Twitter) 戦略,,,,,
戦略要素,具体的施策,目標数値,実施時期,担当者,進捗
フォロワー獲得,AI・漫画関連アカウントとの相互フォロー,月間+500フォロワー,継続的,マーケティングチーム,0%
エンゲージメント向上,リプライ・リツイート積極対応,エンゲージメント率5%以上,毎日,マーケティングチーム,0%
コンテンツ投稿,AI漫画制作Tips・作品紹介,1日3投稿,毎日,コンテンツチーム,0%
ハッシュタグ戦略,#AI漫画 #AIアート #漫画制作,ハッシュタグ経由流入20%,継続的,マーケティングチーム,0%
インフルエンサー連携,AI・漫画系インフルエンサーとコラボ,月間5件のコラボ,継続的,マーケティングチーム,0%
スペース開催,AI漫画制作に関するスペース,週1回開催,週次,講師陣,0%
,,,,,
Instagram 戦略,,,,,
戦略要素,具体的施策,目標数値,実施時期,担当者,進捗
ビジュアルコンテンツ,AI漫画作品のビフォーアフター投稿,週5投稿,継続的,デザインチーム,0%
リール動画,制作プロセスのタイムラプス,週3リール,継続的,動画制作チーム,0%
ストーリーズ活用,日常的な制作風景・Tips共有,毎日更新,毎日,マーケティングチーム,0%
ハイライト整理,カテゴリ別作品集・チュートリアル,10カテゴリ作成,初期設定,マーケティングチーム,0%
UGC促進,受講生作品の紹介・リポスト,週2回受講生作品紹介,継続的,コミュニティマネージャー,0%
IGTV活用,長編チュートリアル動画,週1本投稿,継続的,動画制作チーム,0%
,,,,,
YouTube 戦略,,,,,
戦略要素,具体的施策,目標数値,実施時期,担当者,進捗
チュートリアル動画,AI漫画制作の詳細解説,週2本投稿,継続的,講師陣,0%
ショート動画,60秒以内のTips動画,週5本投稿,継続的,動画制作チーム,0%
ライブ配信,リアルタイム制作・Q&A,週1回配信,継続的,講師陣,0%
受講生インタビュー,成功事例・体験談,月2本投稿,継続的,マーケティングチーム,0%
SEO最適化,キーワード最適化・サムネイル改善,CTR 10%以上,継続的,マーケティングチーム,0%
プレイリスト作成,レベル別・テーマ別整理,10プレイリスト作成,初期設定,コンテンツチーム,0%